Type,SKU,Name,Published,"Is featured?","Visibility in catalog","Short description",Description,"Tax status","In stock?",Categories,Images,Slug,Parent,"Regular price","Sale price","Attribute 1 name","Attribute 1 value(s)","Attribute 1 visible","Attribute 1 global"
variable,JIYU-TONER,"Renewal & Rejuvenation Toner Pads",1,1,visible,"A breakthrough daily toner with 8 Korean actives for visibly brighter, smoother and firmer skin.","A breakthrough daily toner packed with 8 Korean actives including Niacinamide, Snail Mucin, and Peptides. JIYU's toner pads visibly fade spots, refine texture, and boost elasticity. 150 ML / 5.07 FL OZ, 100 pads.",taxable,1,"Skincare > Toner Pads",https://getjiyuskin.com/cdn/shop/t/2/assets/fe09b213f879d666.jpg,renewal-rejuvenation-toner-pads,,,,"Pack size","1 Jar, 2 Jars, 3 Jars",1,0
variation,JIYU-TONER-1,"Renewal & Rejuvenation Toner Pads - 1 Jar",1,0,visible,,,taxable,1,,,renewal-rejuvenation-toner-pads-1,JIYU-TONER,59.99,,"Pack size","1 Jar",,0
variation,JIYU-TONER-2,"Renewal & Rejuvenation Toner Pads - 2 Jars",1,0,visible,,,taxable,1,,,renewal-rejuvenation-toner-pads-2,JIYU-TONER,119.98,95.98,"Pack size","2 Jars",,0
variation,JIYU-TONER-3,"Renewal & Rejuvenation Toner Pads - 3 Jars",1,0,visible,,,taxable,1,,,renewal-rejuvenation-toner-pads-3,JIYU-TONER,179.97,125.98,"Pack size","3 Jars",,0
variable,JIYU-CREAM,"Anti-Aging Moisturizing Cream",1,1,visible,"A Korean daily moisturizing cream powered by NAD+ and 8 complementary actives.","A breakthrough Korean daily moisturizing cream powered by NAD+ and 8 other actives. It helps reverse visible signs of aging, recharge skin cells, fade blemishes, and boost collagen. 50 ML / 1.69 FL OZ.",taxable,1,"Skincare > Moisturizers",https://getjiyuskin.com/cdn/shop/t/2/assets/fece1129be5e9dfd.jpg,nad-anti-aging-moisturizing-cream,,,,"Pack size","1 Jar, 2 Jars, 3 Jars",1,0
variation,JIYU-CREAM-1,"Anti-Aging Moisturizing Cream - 1 Jar",1,0,visible,,,taxable,1,,,nad-anti-aging-moisturizing-cream-1,JIYU-CREAM,79.95,,"Pack size","1 Jar",,0
variation,JIYU-CREAM-2,"Anti-Aging Moisturizing Cream - 2 Jars",1,0,visible,,,taxable,1,,,nad-anti-aging-moisturizing-cream-2,JIYU-CREAM,159.90,127.92,"Pack size","2 Jars",,0
variation,JIYU-CREAM-3,"Anti-Aging Moisturizing Cream - 3 Jars",1,0,visible,,,taxable,1,,,nad-anti-aging-moisturizing-cream-3,JIYU-CREAM,239.85,167.90,"Pack size","3 Jars",,0
variable,JIYU-BUNDLE,"Anti-Aging Glow-Up Bundle",1,1,visible,"The complete JIYU ritual: Renewal Toner Pads plus NAD+ Moisturizing Cream.","Renewal Toner Pads plus NAD+ Moisturizing Cream. The ultimate Korean skincare duo for transformative anti-aging results. Toner Pads exfoliate and prep while NAD+ Cream restores and repairs for visibly younger, radiant skin.",taxable,1,"Skincare > Bundles",https://getjiyuskin.com/cdn/shop/t/2/assets/pdp-02789b7b022c.jpg,test-complete-care-bundle,,,,"Pack size","1 Jar Each, 2 Jars Each, 3 Jars Each",1,0
variation,JIYU-BUNDLE-1,"Anti-Aging Glow-Up Bundle - 1 Jar Each",1,0,visible,,,taxable,1,,,test-complete-care-bundle-1,JIYU-BUNDLE,139.90,118.92,"Pack size","1 Jar Each",,0
variation,JIYU-BUNDLE-2,"Anti-Aging Glow-Up Bundle - 2 Jars Each",1,0,visible,,,taxable,1,,,test-complete-care-bundle-2,JIYU-BUNDLE,279.80,209.85,"Pack size","2 Jars Each",,0
variation,JIYU-BUNDLE-3,"Anti-Aging Glow-Up Bundle - 3 Jars Each",1,0,visible,,,taxable,1,,,test-complete-care-bundle-3,JIYU-BUNDLE,419.70,272.81,"Pack size","3 Jars Each",,0

